[
    {
        "key": "group_5b5858cbc7475",
        "title": "Breadcrumb",
        "fields": [
            {
                "key": "field_5b5858dd69894",
                "label": "Content breadcrumb",
                "name": "content_breadcrumb",
                "type": "true_false",
                "instructions": "",
                "required": 0,
                "conditional_logic": 0,
                "wrapper": {
                    "width": "",
                    "class": "",
                    "id": ""
                },
                "message": "",
                "default_value": 0,
                "ui": 1,
                "ui_on_text": "Full width",
                "ui_off_text": "Container"
            },
            {
                "key": "field_5b58593aed170",
                "label": "Background breadcrumb",
                "name": "background_breadcrumb",
                "type": "image",
                "instructions": "",
                "required": 0,
                "conditional_logic": [
                    [
                        {
                            "field": "field_5b5858dd69894",
                            "operator": "==",
                            "value": "1"
                        }
                    ]
                ],
                "wrapper": {
                    "width": "",
                    "class": "",
                    "id": ""
                },
                "return_format": "url",
                "preview_size": "full",
                "library": "all",
                "min_width": "",
                "min_height": "",
                "min_size": "",
                "max_width": "",
                "max_height": "",
                "max_size": "",
                "mime_types": ""
            }
        ],
        "location": [
            [
                {
                    "param": "post_type",
                    "operator": "==",
                    "value": "post"
                }
            ],
            [
                {
                    "param": "post_type",
                    "operator": "==",
                    "value": "page"
                }
            ]
        ],
        "menu_order": 0,
        "position": "normal",
        "style": "default",
        "label_placement": "top",
        "instruction_placement": "label",
        "hide_on_screen": "",
        "active": 1,
        "description": ""
    },
    {
        "key": "group_5b59dc12a77da",
        "title": "Shortcode slider",
        "fields": [
            {
                "key": "field_5b59dc22c572b",
                "label": "Shortcode",
                "name": "shortcode",
                "type": "text",
                "instructions": "",
                "required": 0,
                "conditional_logic": 0,
                "wrapper": {
                    "width": "",
                    "class": "",
                    "id": "slider_default_shortcode"
                },
                "default_value": "",
                "placeholder": "",
                "prepend": "",
                "append": "",
                "maxlength": ""
            }
        ],
        "location": [
            [
                {
                    "param": "post_type",
                    "operator": "==",
                    "value": "slider"
                }
            ]
        ],
        "menu_order": 0,
        "position": "normal",
        "style": "seamless",
        "label_placement": "top",
        "instruction_placement": "label",
        "hide_on_screen": "",
        "active": 1,
        "description": ""
    },
    {
        "key": "group_5b581cb4be2f4",
        "title": "Slider option",
        "fields": [
            {
                "key": "field_5b59b06765565",
                "label": "Slider item",
                "name": "slider_item",
                "type": "repeater",
                "instructions": "",
                "required": 0,
                "conditional_logic": 0,
                "wrapper": {
                    "width": "",
                    "class": "",
                    "id": ""
                },
                "collapsed": "",
                "min": 0,
                "max": 0,
                "layout": "table",
                "button_label": "",
                "sub_fields": [
                    {
                        "key": "field_5b581cc1b1bf9",
                        "label": "Image slider",
                        "name": "image_slider",
                        "type": "image",
                        "instructions": "",
                        "required": 0,
                        "conditional_logic": 0,
                        "wrapper": {
                            "width": "70",
                            "class": "",
                            "id": ""
                        },
                        "return_format": "url",
                        "preview_size": "full",
                        "library": "all",
                        "min_width": "",
                        "min_height": "",
                        "min_size": "",
                        "max_width": "",
                        "max_height": "",
                        "max_size": "",
                        "mime_types": ""
                    },
                    {
                        "key": "field_5b58356e92b49",
                        "label": "Amination",
                        "name": "amination",
                        "type": "select",
                        "instructions": "",
                        "required": 0,
                        "conditional_logic": 0,
                        "wrapper": {
                            "width": "",
                            "class": "",
                            "id": ""
                        },
                        "choices": {
                            "extrude_replace": "Extrude Replace",
                            "flutter_inside_in": "Flutter Inside in",
                            "clip_oblique_chess_out": "Clip & Oblique Chess out",
                            "wave_in": "Wave in",
                            "vertical_blind_stripe": "Vertical Blind Stripe"
                        },
                        "default_value": [],
                        "allow_null": 0,
                        "multiple": 0,
                        "ui": 0,
                        "ajax": 0,
                        "return_format": "value",
                        "placeholder": ""
                    },
                    {
                        "key": "field_5b5836db09578",
                        "label": "position",
                        "name": "position",
                        "type": "number",
                        "instructions": "",
                        "required": 0,
                        "conditional_logic": 0,
                        "wrapper": {
                            "width": "",
                            "class": "",
                            "id": ""
                        },
                        "default_value": 10,
                        "placeholder": "",
                        "prepend": "",
                        "append": "",
                        "min": "",
                        "max": "",
                        "step": ""
                    }
                ]
            }
        ],
        "location": [
            [
                {
                    "param": "post_type",
                    "operator": "==",
                    "value": "slider"
                }
            ]
        ],
        "menu_order": 0,
        "position": "normal",
        "style": "default",
        "label_placement": "top",
        "instruction_placement": "label",
        "hide_on_screen": "",
        "active": 1,
        "description": ""
    },
    {
        "key": "group_5b56f5e05bb8d",
        "title": "Theme settings",
        "fields": [
            {
                "key": "field_5b57e7a3ecd84",
                "label": "<span class=\"dashicons dashicons-admin-tools\"><\/span> General setting",
                "name": "",
                "type": "tab",
                "instructions": "",
                "required": 0,
                "conditional_logic": 0,
                "wrapper": {
                    "width": "",
                    "class": "",
                    "id": ""
                },
                "placement": "left",
                "endpoint": 0
            },
            {
                "key": "field_5b57e805ecd85",
                "label": "Show breadcrumb",
                "name": "show_breadcrumb",
                "type": "true_false",
                "instructions": "",
                "required": 0,
                "conditional_logic": 0,
                "wrapper": {
                    "width": "",
                    "class": "",
                    "id": ""
                },
                "message": "",
                "default_value": 0,
                "ui": 1,
                "ui_on_text": "Show",
                "ui_off_text": "Hide"
            },
            {
                "key": "field_5b58571763f1c",
                "label": "Background breadcrumb default",
                "name": "background_breadcrumb",
                "type": "image",
                "instructions": "",
                "required": 0,
                "conditional_logic": [
                    [
                        {
                            "field": "field_5b57e805ecd85",
                            "operator": "==",
                            "value": "1"
                        }
                    ]
                ],
                "wrapper": {
                    "width": "",
                    "class": "",
                    "id": ""
                },
                "return_format": "url",
                "preview_size": "full",
                "library": "all",
                "min_width": "",
                "min_height": "",
                "min_size": "",
                "max_width": "",
                "max_height": "",
                "max_size": "",
                "mime_types": ""
            },
            {
                "key": "field_5b584e2745cd4",
                "label": "Slider default",
                "name": "slider_default",
                "type": "true_false",
                "instructions": "",
                "required": 0,
                "conditional_logic": 0,
                "wrapper": {
                    "width": "",
                    "class": "",
                    "id": ""
                },
                "message": "",
                "default_value": 1,
                "ui": 1,
                "ui_on_text": "show",
                "ui_off_text": "hide"
            },
            {
                "key": "field_5b5a94477324c",
                "label": "Shortcode slider homepage",
                "name": "shortcode_slider_homepage",
                "type": "text",
                "instructions": "",
                "required": 0,
                "conditional_logic": [
                    [
                        {
                            "field": "field_5b584e2745cd4",
                            "operator": "==",
                            "value": "1"
                        }
                    ]
                ],
                "wrapper": {
                    "width": "",
                    "class": "",
                    "id": ""
                },
                "default_value": "",
                "placeholder": "",
                "prepend": "",
                "append": "",
                "maxlength": ""
            },
            {
                "key": "field_5b5952dc55b27",
                "label": "Scroll on top",
                "name": "scroll_on_top",
                "type": "true_false",
                "instructions": "",
                "required": 0,
                "conditional_logic": 0,
                "wrapper": {
                    "width": "",
                    "class": "",
                    "id": ""
                },
                "message": "",
                "default_value": 1,
                "ui": 1,
                "ui_on_text": "Show",
                "ui_off_text": "Hide"
            },
            {
                "key": "field_5b59530755b28",
                "label": "Image for button scroll on top",
                "name": "image_for_scroll_on_top",
                "type": "image",
                "instructions": "",
                "required": 0,
                "conditional_logic": [
                    [
                        {
                            "field": "field_5b5952dc55b27",
                            "operator": "==",
                            "value": "1"
                        }
                    ]
                ],
                "wrapper": {
                    "width": "",
                    "class": "",
                    "id": ""
                },
                "return_format": "url",
                "preview_size": "thumbnail",
                "library": "all",
                "min_width": "",
                "min_height": "",
                "min_size": "",
                "max_width": "",
                "max_height": "",
                "max_size": "",
                "mime_types": ""
            },
            {
                "key": "field_5b598fb2cb7e3",
                "label": "Update WP",
                "name": "update_wp",
                "type": "true_false",
                "instructions": "",
                "required": 0,
                "conditional_logic": 0,
                "wrapper": {
                    "width": "",
                    "class": "",
                    "id": ""
                },
                "message": "",
                "default_value": 1,
                "ui": 1,
                "ui_on_text": "Turn on",
                "ui_off_text": "Turn off"
            },
            {
                "key": "field_5b56f5e92cd6f",
                "label": "<span class=\"dashicons dashicons-schedule\"><\/span> Header settings",
                "name": "",
                "type": "tab",
                "instructions": "",
                "required": 0,
                "conditional_logic": 0,
                "wrapper": {
                    "width": "",
                    "class": "",
                    "id": ""
                },
                "placement": "left",
                "endpoint": 0
            },
            {
                "key": "field_5b56f64d3913c",
                "label": "Header variation",
                "name": "variation",
                "type": "radio",
                "instructions": "",
                "required": 0,
                "conditional_logic": 0,
                "wrapper": {
                    "width": "",
                    "class": "",
                    "id": ""
                },
                "choices": {
                    "1": "Variation one",
                    "2": "Variation two"
                },
                "allow_null": 0,
                "other_choice": 0,
                "save_other_choice": 0,
                "default_value": "",
                "layout": "horizontal",
                "return_format": "value"
            },
            {
                "key": "field_5b588df2fc750",
                "label": "Demo",
                "name": "",
                "type": "message",
                "instructions": "",
                "required": 0,
                "conditional_logic": [
                    [
                        {
                            "field": "field_5b56f64d3913c",
                            "operator": "==",
                            "value": "1"
                        }
                    ]
                ],
                "wrapper": {
                    "width": "",
                    "class": "",
                    "id": ""
                },
                "message": "<img id=\"header_varation_1\" src=\"\" >",
                "new_lines": "wpautop",
                "esc_html": 0
            },
            {
                "key": "field_5b588e41fc751",
                "label": "Demo",
                "name": "",
                "type": "message",
                "instructions": "",
                "required": 0,
                "conditional_logic": [
                    [
                        {
                            "field": "field_5b56f64d3913c",
                            "operator": "==",
                            "value": "2"
                        }
                    ]
                ],
                "wrapper": {
                    "width": "",
                    "class": "",
                    "id": ""
                },
                "message": "<img id=\"header_varation_2\" src=\"\" >",
                "new_lines": "wpautop",
                "esc_html": 0
            },
            {
                "key": "field_5b56f78ef9346",
                "label": "Fixed on scroll",
                "name": "fixed_on_scroll",
                "type": "true_false",
                "instructions": "If enabled, on scroll menu is fixed top",
                "required": 0,
                "conditional_logic": 0,
                "wrapper": {
                    "width": "",
                    "class": "",
                    "id": ""
                },
                "message": "",
                "default_value": 0,
                "ui": 1,
                "ui_on_text": "Enable",
                "ui_off_text": "Disable"
            },
            {
                "key": "field_5b56f7a5f9347",
                "label": "Logo",
                "name": "logo",
                "type": "image",
                "instructions": "",
                "required": 0,
                "conditional_logic": 0,
                "wrapper": {
                    "width": "50",
                    "class": "",
                    "id": ""
                },
                "return_format": "url",
                "preview_size": "full",
                "library": "all",
                "min_width": "",
                "min_height": "",
                "min_size": "",
                "max_width": "",
                "max_height": "",
                "max_size": "",
                "mime_types": ""
            },
            {
                "key": "field_5b56f9326d5eb",
                "label": "<span class=\"dashicons dashicons-archive\"><\/span> Footer settings",
                "name": "",
                "type": "tab",
                "instructions": "",
                "required": 0,
                "conditional_logic": 0,
                "wrapper": {
                    "width": "",
                    "class": "",
                    "id": ""
                },
                "placement": "left",
                "endpoint": 0
            },
            {
                "key": "field_5b56f96b6d5ec",
                "label": "Footer variation",
                "name": "footer",
                "type": "radio",
                "instructions": "",
                "required": 0,
                "conditional_logic": 0,
                "wrapper": {
                    "width": "",
                    "class": "",
                    "id": ""
                },
                "choices": {
                    "1": "1 columns",
                    "2": "2 columns",
                    "3": "3 columns",
                    "4": "4 columns",
                    "5": "5 columns"
                },
                "allow_null": 0,
                "other_choice": 0,
                "save_other_choice": 0,
                "default_value": "",
                "layout": "horizontal",
                "return_format": "value"
            },
            {
                "key": "field_5b56f9c44382b",
                "label": "Copyright",
                "name": "copyright",
                "type": "text",
                "instructions": "",
                "required": 0,
                "conditional_logic": 0,
                "wrapper": {
                    "width": "",
                    "class": "",
                    "id": ""
                },
                "default_value": "",
                "placeholder": "Copyright © 2018 My website. All rights reserved.",
                "prepend": "",
                "append": "",
                "maxlength": ""
            },
            {
                "key": "field_5b57f12a6d993",
                "label": "<span class=\"dashicons dashicons-email-alt\"><\/span> SMTP settings",
                "name": "",
                "type": "tab",
                "instructions": "",
                "required": 0,
                "conditional_logic": 0,
                "wrapper": {
                    "width": "",
                    "class": "",
                    "id": ""
                },
                "placement": "left",
                "endpoint": 0
            },
            {
                "key": "field_5b57f1436d994",
                "label": "From email",
                "name": "from_email",
                "type": "email",
                "instructions": "",
                "required": 0,
                "conditional_logic": 0,
                "wrapper": {
                    "width": "50",
                    "class": "",
                    "id": ""
                },
                "default_value": "",
                "placeholder": "smtpmail.commamedia@gmail.com",
                "prepend": "",
                "append": ""
            },
            {
                "key": "field_5b57f2b66d995",
                "label": "From name",
                "name": "from_name",
                "type": "text",
                "instructions": "",
                "required": 0,
                "conditional_logic": 0,
                "wrapper": {
                    "width": "50",
                    "class": "",
                    "id": ""
                },
                "default_value": "",
                "placeholder": "",
                "prepend": "",
                "append": "",
                "maxlength": ""
            },
            {
                "key": "field_5b57f30d6d996",
                "label": "SMTP host",
                "name": "smtp_host",
                "type": "text",
                "instructions": "",
                "required": 0,
                "conditional_logic": 0,
                "wrapper": {
                    "width": "",
                    "class": "",
                    "id": ""
                },
                "default_value": "",
                "placeholder": "smtp.gmail.com",
                "prepend": "",
                "append": "",
                "maxlength": ""
            },
            {
                "key": "field_5b57f3226d997",
                "label": "SMTP port",
                "name": "smtp_port",
                "type": "number",
                "instructions": "465 for SSL and 587 for TLS - Port smtp gmail",
                "required": 0,
                "conditional_logic": 0,
                "wrapper": {
                    "width": "",
                    "class": "",
                    "id": ""
                },
                "default_value": "",
                "placeholder": "",
                "prepend": "",
                "append": "",
                "min": "",
                "max": "",
                "step": ""
            },
            {
                "key": "field_5b57f3616d998",
                "label": "Encryption SSL",
                "name": "encryption_ssl",
                "type": "true_false",
                "instructions": "",
                "required": 0,
                "conditional_logic": 0,
                "wrapper": {
                    "width": "",
                    "class": "",
                    "id": ""
                },
                "message": "",
                "default_value": 1,
                "ui": 1,
                "ui_on_text": "Yes",
                "ui_off_text": "No"
            },
            {
                "key": "field_5b57f44b6d99b",
                "label": "Authentication",
                "name": "authentication",
                "type": "true_false",
                "instructions": "",
                "required": 0,
                "conditional_logic": 0,
                "wrapper": {
                    "width": "",
                    "class": "",
                    "id": ""
                },
                "message": "",
                "default_value": 1,
                "ui": 1,
                "ui_on_text": "Yes",
                "ui_off_text": "No"
            },
            {
                "key": "field_5b57f4286d999",
                "label": "SMTP Username",
                "name": "smtp_username",
                "type": "text",
                "instructions": "",
                "required": 0,
                "conditional_logic": [
                    [
                        {
                            "field": "field_5b57f44b6d99b",
                            "operator": "==",
                            "value": "1"
                        }
                    ]
                ],
                "wrapper": {
                    "width": "",
                    "class": "",
                    "id": ""
                },
                "default_value": "",
                "placeholder": "smtpmail.commamedia@gmail.com",
                "prepend": "",
                "append": "",
                "maxlength": ""
            },
            {
                "key": "field_5b57f42d6d99a",
                "label": "SMTP Password",
                "name": "smtp_password",
                "type": "password",
                "instructions": "",
                "required": 0,
                "conditional_logic": [
                    [
                        {
                            "field": "field_5b57f44b6d99b",
                            "operator": "==",
                            "value": "1"
                        }
                    ]
                ],
                "wrapper": {
                    "width": "",
                    "class": "",
                    "id": ""
                },
                "placeholder": "",
                "prepend": "",
                "append": ""
            },
            {
                "key": "field_5b5d31e00231e",
                "label": "<span class=\"dashicons dashicons-external\"><\/span> More",
                "name": "",
                "type": "tab",
                "instructions": "",
                "required": 0,
                "conditional_logic": 0,
                "wrapper": {
                    "width": "",
                    "class": "",
                    "id": ""
                },
                "placement": "left",
                "endpoint": 0
            },
            {
                "key": "field_5b5d32280231f",
                "label": "Google analytics",
                "name": "google_analytics",
                "type": "true_false",
                "instructions": "",
                "required": 0,
                "conditional_logic": 0,
                "wrapper": {
                    "width": "",
                    "class": "",
                    "id": ""
                },
                "message": "",
                "default_value": 0,
                "ui": 1,
                "ui_on_text": "Enable",
                "ui_off_text": "Disable"
            },
            {
                "key": "field_5b5d325302320",
                "label": "ID analytics",
                "name": "id_analytics",
                "type": "text",
                "instructions": "Ex: UA-123037889-1",
                "required": 0,
                "conditional_logic": [
                    [
                        {
                            "field": "field_5b5d32280231f",
                            "operator": "==",
                            "value": "1"
                        }
                    ]
                ],
                "wrapper": {
                    "width": "",
                    "class": "",
                    "id": ""
                },
                "default_value": "",
                "placeholder": "",
                "prepend": "",
                "append": "",
                "maxlength": ""
            }
        ],
        "location": [
            [
                {
                    "param": "options_page",
                    "operator": "==",
                    "value": "theme-general-settings"
                }
            ]
        ],
        "menu_order": 0,
        "position": "normal",
        "style": "default",
        "label_placement": "top",
        "instruction_placement": "label",
        "hide_on_screen": "",
        "active": 1,
        "description": ""
    }
]